prefiling,profile,method,status,bound,seconds,objective,listed,effective,effective_per_court_day,heard,predictability_pct,substantiveness_pct,wasted_listings,utilisation_pct,overtime_min_per_court_day,advocate_trips,clash_days,load_spread_pct,old_cases_listed,old_mean_wait_days,due_left_unlisted,urgent_on_time_pct,solver,gap_pct,horizon,time_limit
True,balanced,greedy,heuristic,,0.08,7943.0,502.0,229.075,15.271666666666667,308.415,61.43725099601593,74.27492177747516,272.925,87.66914897124198,13.612780204100309,325.0,90.0,17.514814814814827,117.0,1.829059829059829,198.0,100.0,,,5,15.0
True,balanced,milp,FEASIBLE,9387.1,15.38,9303.8,573.0,294.475,19.631666666666668,392.735,68.54013961605585,74.98058487275135,278.525,95.89943758440666,19.54880991687175,253.0,1.0,4.472222222222221,71.0,1.7605633802816902,170.0,100.0,SCIP,0.93,5,15.0
True,balanced,cpsat,FEASIBLE,9388.0,15.42,9347.2,576.0,295.98,19.732000000000003,395.83,68.72048611111111,74.77452441704773,280.02,96.58835124078638,21.32904280302129,258.0,1.0,1.2129629629629601,70.0,1.8285714285714285,167.0,100.0,,0.47,5,15.0
True,balanced,cpsat_saa,FEASIBLE,9404.1,15.64,9503.9,615.0,283.83,18.922,379.465,61.701626016260164,74.79741214604772,331.17,96.40018176205368,34.51086568563917,278.0,1.0,37.11111111111113,71.0,1.8873239436619718,147.0,100.0,,2.17,5,15.0
True,throughput_first,greedy,heuristic,,0.08,16264.0,502.0,229.075,15.271666666666667,308.415,61.43725099601593,74.27492177747516,272.925,87.66914897124198,13.612780204100309,325.0,90.0,17.514814814814827,117.0,1.829059829059829,198.0,100.0,,,5,15.0
True,throughput_first,milp,FEASIBLE,17932.2,15.37,17723.8,674.0,322.725,21.515,436.2,64.71810089020771,73.98555708390647,351.275,95.93873280920099,18.229036042523568,344.0,10.0,6.944444444444442,74.0,2.0,134.0,100.0,SCIP,14.48,5,15.0
True,throughput_first,cpsat,FEASIBLE,17932.9,15.39,17857.5,677.0,327.08,21.805333333333333,439.58,64.93057607090104,74.40738887119524,349.92,96.54546090079506,19.718481686497118,362.0,1.0,1.4999999999999902,75.0,1.9866666666666666,131.0,100.0,,0.43,5,15.0
True,throughput_first,cpsat_saa,FEASIBLE,18443.7,15.65,18532.6,779.0,311.69,20.779333333333334,428.5,55.00641848523748,72.73978996499416,467.31,98.52576628051439,40.02079297987388,397.0,3.0,27.67592592592595,85.0,1.9058823529411764,106.0,100.0,,1.7,5,15.0
True,fairness_first,greedy,heuristic,,0.08,12557.8,502.0,229.075,15.271666666666667,308.415,61.43725099601593,74.27492177747516,272.925,87.66914897124198,13.612780204100309,325.0,90.0,17.514814814814827,117.0,1.829059829059829,198.0,100.0,,,5,15.0
True,fairness_first,milp,FEASIBLE,14232.3,15.36,14170.5,588.0,293.25,19.55,393.255,66.88010204081633,74.56993553800969,294.75,93.22002369866235,17.501875688134565,284.0,9.0,34.814814814814824,75.0,1.44,129.0,100.0,SCIP,0.63,5,15.0
True,fairness_first,cpsat,FEASIBLE,14232.4,15.44,14206.9,594.0,292.02,19.468,394.445,66.40488215488216,74.03313516459836,301.98,96.37698199471004,21.089762229742274,280.0,8.0,2.9722222222222094,75.0,1.5466666666666666,123.0,100.0,,0.35,5,15.0
True,fairness_first,cpsat_saa,FEASIBLE,14498.6,15.75,14644.7,648.0,280.15,18.676666666666666,380.625,58.738425925925924,73.60262725779967,367.85,94.75707447788666,32.31000714651728,312.0,13.0,50.91666666666666,78.0,1.4102564102564104,101.0,100.0,,1.71,5,15.0
True,advocate_first,greedy,heuristic,,0.11,3325.7,502.0,229.075,15.271666666666667,308.415,61.43725099601593,74.27492177747516,272.925,87.66914897124198,13.612780204100309,325.0,90.0,17.514814814814827,117.0,1.829059829059829,198.0,100.0,,,5,15.0
True,advocate_first,milp,FEASIBLE,7445.7,15.46,7427.6,398.0,226.61,15.107333333333335,299.605,75.27763819095478,75.63625440162882,171.39,79.7331593724888,14.7466602985956,148.0,1.0,58.96296296296296,57.0,1.8596491228070176,250.0,100.0,SCIP,0.38,5,15.0
True,advocate_first,cpsat,FEASIBLE,7447.6,15.48,7412.3,403.0,231.43,15.428666666666667,307.555,76.31637717121588,75.2483295670693,171.57,78.9023035845496,13.465580919398692,148.0,1.0,66.93518518518519,56.0,2.0,248.0,100.0,,0.61,5,15.0
True,advocate_first,cpsat_saa,FEASIBLE,7412.8,15.81,6856.7,331.0,179.47,11.964666666666666,241.115,72.84441087613293,74.43336167389005,151.53,67.35437871572265,5.63235948426894,142.0,5.0,56.018518518518526,49.0,1.8775510204081634,286.0,100.0,,9.92,5,15.0
False,balanced,greedy,heuristic,,0.12,6959.4,502.0,206.97,13.798,316.0,62.94820717131474,65.49683544303798,295.03,88.37432241982731,14.090907013713302,342.0,82.0,16.481481481481485,115.0,1.8521739130434782,199.0,100.0,,,5,15.0
False,balanced,milp,FEASIBLE,8384.3,15.48,8287.6,570.0,255.845,17.056333333333335,394.925,69.28508771929825,64.78318668101538,314.155,95.48139335337352,19.471701076023848,240.0,2.0,13.749999999999996,75.0,1.6266666666666667,167.0,100.0,SCIP,1.24,5,15.0
False,balanced,cpsat,FEASIBLE,8384.4,15.43,8262.6,568.0,254.64,16.976,393.795,69.33010563380282,64.66308612349064,313.36,94.59006876034479,19.270999012013927,243.0,4.0,21.888888888888893,69.0,1.4927536231884058,164.0,100.0,,1.62,5,15.0
False,balanced,cpsat_saa,FEASIBLE,8389.6,15.71,8368.5,614.0,250.76,16.717333333333332,390.955,63.67345276872964,64.14037421186582,363.24,94.9978050369298,29.09365382360441,265.0,1.0,34.287037037037024,80.0,1.6,147.0,100.0,,2.83,5,15.0
False,throughput_first,greedy,heuristic,,0.09,14256.2,502.0,206.97,13.798,316.0,62.94820717131474,65.49683544303798,295.03,88.37432241982731,14.090907013713302,342.0,82.0,16.481481481481485,115.0,1.8521739130434782,199.0,100.0,,,5,15.0
False,throughput_first,milp,FEASIBLE,15731.9,15.39,15594.6,663.0,281.38,18.758666666666667,437.17,65.93815987933635,64.36397740009608,381.62,96.45135364152587,19.295987876448518,315.0,4.0,4.0444444444444505,71.0,1.5211267605633803,130.0,100.0,SCIP,17.7,5,15.0
False,throughput_first,cpsat,FEASIBLE,15732.3,15.51,15643.1,677.0,283.53,18.901999999999997,442.975,65.43205317577548,64.00586940572268,393.47,96.78862582117652,20.198635974609495,331.0,3.0,1.9333333333333313,73.0,1.7945205479452055,132.0,100.0,,0.59,5,15.0
False,throughput_first,cpsat_saa,FEASIBLE,16131.6,15.69,16122.7,778.0,270.475,18.03166666666667,430.035,55.27442159383033,62.8960433453091,507.525,98.33129737513387,40.110047497921435,366.0,1.0,32.60185185185184,92.0,1.923913043478261,112.0,100.0,,2.41,5,15.0
False,fairness_first,greedy,heuristic,,0.09,11542.8,502.0,206.97,13.798,316.0,62.94820717131474,65.49683544303798,295.03,88.37432241982731,14.090907013713302,342.0,82.0,16.481481481481485,115.0,1.8521739130434782,199.0,100.0,,,5,15.0
False,fairness_first,milp,FEASIBLE,13308.5,15.39,13240.3,591.0,259.71,17.314,399.43,67.585448392555,65.02015371904965,331.29,93.95914068522094,18.732212241503223,270.0,9.0,31.722222222222218,81.0,1.308641975308642,112.0,100.0,SCIP,0.72,5,15.0
False,fairness_first,cpsat,FEASIBLE,13309.7,15.43,13307.0,601.0,264.24,17.616,407.23,67.75873544093179,64.88716450163298,336.76,95.43475212800583,19.179107017752262,264.0,8.0,14.500000000000012,80.0,1.2875,113.0,100.0,,0.2,5,15.0
False,fairness_first,cpsat_saa,FEASIBLE,13594.4,15.72,13728.6,651.0,245.62,16.374666666666666,379.18,58.245775729646695,64.77662323962234,405.38,93.82498864292096,30.6618011615352,283.0,9.0,56.166666666666664,84.0,1.3214285714285714,100.0,100.0,,1.61,5,15.0
False,advocate_first,greedy,heuristic,,0.1,2430.7,502.0,206.97,13.798,316.0,62.94820717131474,65.49683544303798,295.03,88.37432241982731,14.090907013713302,342.0,82.0,16.481481481481485,115.0,1.8521739130434782,199.0,100.0,,,5,15.0
False,advocate_first,milp,FEASIBLE,6567.0,15.42,6506.1,351.0,176.64,11.776,262.725,74.85042735042735,67.23379960034256,174.36,73.49963476893161,13.16947131442101,133.0,1.0,67.11111111111111,55.0,1.6181818181818182,264.0,100.0,SCIP,1.09,5,15.0
False,advocate_first,cpsat,FEASIBLE,6569.1,15.44,6519.3,376.0,183.26,12.217333333333332,278.625,74.10239361702128,65.77299237326156,192.74,76.2080895870898,13.463373632357301,137.0,1.0,67.66666666666667,58.0,1.5862068965517242,257.0,100.0,,0.92,5,15.0
False,advocate_first,cpsat_saa,FEASIBLE,6541.8,15.72,6555.8,386.0,185.93,12.395333333333333,283.16,73.35751295336787,65.66252295521966,200.07,75.6857553925578,16.131579877627242,141.0,1.0,87.16666666666666,56.0,1.75,250.0,100.0,,1.82,5,15.0
